Clave empresa,Clave empleado,Fecha,Clave horario
NSD,1001,2026-10-01,8:00-17:00
NSD,1001,2026-10-02,8:00-17:00
NSD,1001,2026-10-03,8:00-17:00
NSD,1001,2026-10-04,08:00-15:00
NSD,1001,2026-10-05,D
NSD,1001,2026-10-06,8:00-17:00
NSD,1001,2026-10-07,8:00-17:00
NSD,1002,2026-10-01,12:00-21:00
NSD,1002,2026-10-02,12:00-21:00
NSD,1002,2026-10-03,12:00-21:00
NSD,1002,2026-10-04,12:00-19:00
NSD,1002,2026-10-05,12:00-21:00
NSD,1002,2026-10-06,D
NSD,1002,2026-10-07,12:00-21:00
NSD,1003,2026-10-01,8:00-17:00
NSD,1003,2026-10-02,D
NSD,1003,2026-10-03,8:00-17:00
NSD,1003,2026-10-04,08:00-15:00
NSD,1003,2026-10-05,8:00-17:00
NSD,1003,2026-10-06,8:00-17:00
NSD,1003,2026-10-07,8:00-17:00
NSD,1004,2026-10-01,12:00-21:00
NSD,1004,2026-10-02,12:00-21:00
NSD,1004,2026-10-03,D
NSD,1004,2026-10-04,12:00-19:00
NSD,1004,2026-10-05,12:00-21:00
NSD,1004,2026-10-06,12:00-21:00
NSD,1004,2026-10-07,12:00-21:00
NSD,1005,2026-10-01,10:00-19:00
NSD,1005,2026-10-02,10:00-19:00
NSD,1005,2026-10-03,10:00-19:00
NSD,1005,2026-10-04,D
NSD,1005,2026-10-05,10:00-19:00
NSD,1005,2026-10-06,10:00-19:00
NSD,1005,2026-10-07,10:00-19:00
NSD,1006,2026-10-01,D
NSD,1006,2026-10-02,8:00-17:00
NSD,1006,2026-10-03,8:00-17:00
NSD,1006,2026-10-04,08:00-15:00
NSD,1006,2026-10-05,8:00-17:00
NSD,1006,2026-10-06,8:00-17:00
NSD,1006,2026-10-07,NP
NSD,1007,2026-10-01,12:00-21:00
NSD,1007,2026-10-02,12:00-21:00
NSD,1007,2026-10-03,12:00-21:00
NSD,1007,2026-10-04,12:00-19:00
NSD,1007,2026-10-05,D
NSD,1007,2026-10-06,12:00-21:00
NSD,1007,2026-10-07,12:00-21:00
NSD,1008,2026-10-01,8:00-17:00
NSD,1008,2026-10-02,8:00-17:00
NSD,1008,2026-10-03,8:00-17:00
NSD,1008,2026-10-04,NP
NSD,1008,2026-10-05,8:00-17:00
NSD,1008,2026-10-06,D
NSD,1008,2026-10-07,8:00-17:00
NSD,1009,2026-10-01,16:00-21:00
NSD,1009,2026-10-02,16:00-21:00
NSD,1009,2026-10-03,12:00-21:00
NSD,1009,2026-10-04,D
NSD,1009,2026-10-05,16:00-21:00
NSD,1009,2026-10-06,16:00-21:00
NSD,1009,2026-10-07,12:00-21:00
NSD,1010,2026-10-01,12:00-21:00
NSD,1010,2026-10-02,D
NSD,1010,2026-10-03,12:00-21:00
NSD,1010,2026-10-04,12:00-19:00
NSD,1010,2026-10-05,12:00-21:00
NSD,1010,2026-10-07,12:00-21:00
NSD,2001,2026-10-01,D
NSD,2001,2026-10-02,9:00-18:00
NSD,2001,2026-10-03,9:00-18:00
NSD,2001,2026-10-04,9:00-18:00
NSD,2001,2026-10-05,9:00-18:00
NSD,2001,2026-10-06,9:00-18:00
NSD,2001,2026-10-07,9:00-18:00
NSD,2002,2026-10-01,9:00-18:00
NSD,2002,2026-10-02,9:00-18:00
NSD,2002,2026-10-03,9:00-18:00
NSD,2002,2026-10-04,9:00-18:00
NSD,2002,2026-10-05,9:00-18:00
NSD,2002,2026-10-06,9:00-18:00
NSD,2002,2026-10-07,D
NSD,2003,2026-10-01,9:00-18:00
NSD,2003,2026-10-02,9:00-18:00
NSD,2003,2026-10-03,9:00-18:00
NSD,2003,2026-10-04,9:00-18:00
NSD,2003,2026-10-05,9:00-18:00
NSD,2003,2026-10-06,D
NSD,2003,2026-10-07,9:00-18:00
NSD,2004,2026-10-01,9:00-18:00
NSD,2004,2026-10-02,9:00-18:00
NSD,2004,2026-10-03,9:00-18:00
NSD,2004,2026-10-04,9:00-18:00
NSD,2004,2026-10-05,D
NSD,2004,2026-10-06,9:00-18:00
NSD,2004,2026-10-07,9:00-18:00
NSD,2005,2026-10-01,9:00-18:00
NSD,2005,2026-10-02,9:00-18:00
NSD,2005,2026-10-03,9:00-18:00
NSD,2005,2026-10-04,D
NSD,2005,2026-10-05,9:00-18:00
NSD,2005,2026-10-06,9:00-18:00
NSD,2005,2026-10-07,9:00-18:00